page	tokens	newtokens
https://www.ilpost.it/2020/09/03/le-dimissioni-di-abe-spiegate-dal-giappone/	['commenti', 'visibili', 'Giappone', 'più', 'Questa', 'la', 'Per', 'si', 'euro', 'buffo', 'Podcast', 'sua', '3', 'quotidiano', 'e', 'avere', 'gli', 'oppure', 'abbonato', 'poliomielite', 'Abe', 'conta', 'Post', 'zaini', 'prossimo', 'commentare', 'dal', 'come', 'se', 'inclinazione', 'sembra', 'contenuti', 'lui', 'lavoro', 'Bordone', 'vuole', 'Ascolta', 'Capito', 'del', 'tienimi', 'ci', 'le', 'o', 'Cosa', 'accedere', 'dici', 'il', 'giovedì', 'puntate', 'parte', 'dei', 'articoli', 'stata', 'parole', 'chiama', 'pagina', 'abbonati', 'musica', 'che', 'pensa', 'dire', 'esserlo', 'in', 'Bielorussia', 'Se', 'Matteo', 'per', 'podcast', 'pezzo', 'Tienimi', 'tutte', 'cose', 'fare', 'accedi', 'titolo', 'È', 'spiegato', 'Il', 'dice', 'Abbonamento', 'puoi', 'annuale80', 'uno', 'al', 'viene', 'con', 'sul', 'Metti', 'sei', 'Russia', 'aiutare', 'sacco', 'assecondami', 'meglio', 'vuol', 'alla', 'imparare', 'Africa', 'esserci', 'discutere', 'selvaggia', 'però', 'è', 'eradicata', 'Una', 'modo', 'condividere', 'canzone', 'E', 'tornare', 'fatto', 'Vai', 'fa', 'spalleggiami', 'ed', 'scuola', 'mensile8', 'Abbonati', 'Era', 'bordone', 'Settembre', '2020', 'ridere', 'Mostra', 'di', 'perché', 'Eh', 'lo', 'Mick', 'agli', 'ancora', 'i', 'dimissioni', 'spiegate', 'gioco', 'già', 'Le', 'a', 'quando', 'non', 'In', 'un', 'capisce', 'Lynch', 'articolo', 'dalla', '16']	
https://www.ilpost.it/2020/09/03/le-prime-pagine-di-oggi-2605/	['accedi', 'italiani', 'rassegna', 'sì', 'Fatto', 'è', 'riduzione', 'della', 'ogni', 'Silvio', 'TAG', 'figli', 'presentano', 'sei', '2020', 'maggior', 'Lealtrefoto', 'sua', 'occupa', 'positività', 'il', 'parlamentari', 'sul', 'Barbara', 'invece', 'campagna', 'parte', 'presidente', 'Tutto', 'continua', 'fatte', 'sugli', 'facile', 'e', 'titolano', 'Navalny', 'delle', '3', 'ex', 'A', 'apertura', 'per', 'o', 'economici', 'Il', 'Italia', 'prime', 'di', 'riapertura', 'dell', 'Luigi', 'Daverio', 'coronavirus', 'degli', 'al', 'I', 'Secolo', 'se', 'positivo', 'oppure', 'Settembre', 'sono', 'stampa', 'Come', 'avvelenamento', 'Messaggero', 'Vai', 'Media', 'la', 'sull', 'Manifesto', 'effetti', 'cose', 'sulla', 'sui', 'XIX', 'articoli', 'Svimez', 'articolo', 'rapporto', 'commentare', 'l', 'serie', 'commenti', 'quotidiani', 'Le', 'edicola', 'piante', 'i', 'giovedì', 'numero', 'La', 'gli', 'modalità', 'Post', 'Berlusconi', 'quasi', 'calendario', 'Per', 'più', 'oggi', 'notizie', 'scuole', 'si', 'Mattino', 'sportivi', 'giornali', 'Mostra', 'occupano', 'referendum', 'già', 'dei', 'Abbonarsi', 'mangiamo', 'abbonato', 'che', 'morte', 'meridionale', 'giorno', 'insegnanti', 'diventato', 'pagine', 'in', 'Consiglio', 'prossimo', 'abbonati', 'precari', 'titoli', 'le', 'del']	
https://www.ilpost.it/2020/09/03/peanuts-2020-settembre-3/	['3', 'Peanuts', '2020', 'ILPA', 'Universal', 'by', '202005', 'distributed', 'peanuts', 'Settembre', 'Random', 'Agosto', 'Uclick', 'LLC', 'Worldwide', '31']	
https://www.ilpost.it/2020/09/03/giovedi-3-settembre-2/manila-filippine-140/	['3', 'Manila', 'Filippine', 'compleasso', 'residenziale', 'della', 'Giovedì', 'Un', 'EPA', 'settembre', 'CRISTINO', 'all', 'articolo', 'capitale', 'R', 'MARK', 'Torna', 'ansa']	compleasso, 
https://www.ilpost.it/2020/09/03/le-prime-pagine-di-oggi-2605/1_la_stampa-130/	['Le', 'prime', 'di', 'pagine', 'oggi', 'articolo', 'Torna', 'all']	
https://www.ilpost.it/2020/09/03/le-prime-pagine-di-oggi-2605/2_corriere_della_sera-131/	['Le', 'prime', 'di', 'pagine', 'oggi', 'articolo', 'Torna', 'all']	
https://www.ilpost.it/2020/09/03/le-prime-pagine-di-oggi-2605/3_la_repubblica-129/	['Le', 'prime', 'di', 'pagine', 'oggi', 'articolo', 'Torna', 'all']	
https://www.ilpost.it/2020/09/03/le-prime-pagine-di-oggi-2605/	['accedi', 'italiani', 'rassegna', 'sì', 'Fatto', 'è', 'riduzione', 'della', 'ogni', 'Silvio', 'TAG', 'figli', 'presentano', 'sei', '2020', 'maggior', 'Lealtrefoto', 'sua', 'occupa', 'positività', 'il', 'parlamentari', 'sul', 'Barbara', 'invece', 'campagna', 'parte', 'presidente', 'Tutto', 'continua', 'fatte', 'sugli', 'facile', 'e', 'titolano', 'Navalny', 'delle', '3', 'ex', 'A', 'apertura', 'per', 'o', 'economici', 'Il', 'Italia', 'prime', 'di', 'riapertura', 'dell', 'Luigi', 'Daverio', 'coronavirus', 'degli', 'al', 'I', 'Secolo', 'se', 'positivo', 'oppure', 'Settembre', 'sono', 'stampa', 'Come', 'avvelenamento', 'Messaggero', 'Vai', 'Media', 'la', 'sull', 'Manifesto', 'effetti', 'cose', 'sulla', 'sui', 'XIX', 'articoli', 'Svimez', 'articolo', 'rapporto', 'commentare', 'l', 'serie', 'commenti', 'quotidiani', 'Le', 'edicola', 'piante', 'i', 'giovedì', 'numero', 'La', 'gli', 'modalità', 'Post', 'Berlusconi', 'quasi', 'calendario', 'Per', 'più', 'oggi', 'notizie', 'scuole', 'si', 'Mattino', 'sportivi', 'giornali', 'Mostra', 'occupano', 'referendum', 'già', 'dei', 'Abbonarsi', 'mangiamo', 'abbonato', 'che', 'morte', 'meridionale', 'giorno', 'insegnanti', 'diventato', 'pagine', 'in', 'Consiglio', 'prossimo', 'abbonati', 'precari', 'titoli', 'le', 'del']	
https://www.ilpost.it/2020/09/03/russia-milione-casi-vaccino-coronavirus/	['prime', 'completare', 'crescere', 'scala', 'Golovkin', 'coronavirus', 'sorpresa', 'nuovi', 'migliaia', 'e', 'iniziale', 'a', 'quarto', 'morte', '17', 'Settembre', 'Photo', 'virus', 'inizio', 'vaccinazione', 'solo', 'insegnanti', 'Post', 'diverse', 'Vai', 'pandemia', 'confermato', 'dell', 'dei', 'cominciare', 'raccontato', 'di', 'Brasile', 'Questo', 'Tutto', '3', 'ma', 'cominciavano', 'dosi', 'A', 'Europa', 'superato', 'riportato', 'però', 'grossi', 'medici', 'nemmeno', 'abbonato', 'intorno', 'completamento', 'polizia', 'oppure', 'governo', 'più', 'raggiunto', 'lavorativi', 'o', 'scelta', 'dai', 'prima', 'paese', 'obbligatorio', 'inizieranno', 'sei', 'stata', 'perplessità', 'avviare', 'casi', 'uomo', 'Cosa', 'Vaccinarsi', 'tempistiche', 'riportare', 'ritenuto', 'cominciato', 'sappiamo', 'diffusione', 'positivo', 'diversi', 'voler', 'Cina', 'altro', 'In', 'ci', 'tuttora', 'rifiutarsi', 'massa', 'vaccinazioni', 'piante', '2020', 'milione', 'molti', 'dicembre', 'diminuire', 'confermati', 'nuovo', 'tempestiva', 'fa', 'Oggi', 'delle', 'quasi', 'base', 'ad', 'sono', 'significa', 'i', 'che', 'giovedì', 'tra', 'meno', 'legato', 'anche', 'nel', 'l', 'pericoloso', 'efficace', 'cali', 'deciso', 'alla', 'fare', 'larga', 'non', 'è', 'paure', 'le', 'essere', 'maggio', 'commentare', 'accedi', 'evitare', 'agosto', 'volontaria', 'entro', 'epidemia', 'farlo', 'distribuite', 'AP', 'confini', 'mondo', 'articolo', 'venga', 'ministro', 'corso', 'Difesa', 'isolare', 'legate', 'fatto', '365', 'molto', 'popolazione', 'abbonati', 'Il', 'contagi', 'altri', 'controllo', 'significativi', 'suoi', 'incappucciato', 'ha', 'peggiorate', 'sotto', 'diminuiscono', 'clinici', 'sputnik', 'test', 'aver', 'mesi', 'V', 'prossimo', 'detto', 'aprile', 'massimo', 'sviluppato', 'articoli', 'asfissiato', 'russo', 'La', 'personale', 'rapidamente', 'Mondo', 'speranze', 'Al', 'nonostante', 'Salute', 'dove', 'successo', 'quelle', 'grave', 'aveva', 'affinché', 'Pavel', 'protocolli', 'Ad', 'suo', 'circolano', 'poche', 'cominciando', 'riapertura', 'annunciate', 'del', 'potrebbero', 'ridosso', 'pressioni', 'fine', 'mentre', 'comportare', 'I', 'distribuzione', 'rischi', 'Mostra', 'vaccino', 'la', 'impiego', 'prendersi', 'problemi', 'consegne', 'confine', 'avranno', 'militari', 'Mikhail', 'per', 'iniziata', '5mila', 'alcuni', 'Stati', 'potenzialmente', 'ogni', 'quello', 'dopo', 'tutti', 'ottobre', 'Murashko', 'normali', 'Mentre', 'una', 'novembre', 'contagio', '4mila', 'enormemente', 'India', 'quelli', 'numero', 'sembrato', 'persone', 'può', 'settembre', 'russia', 'qualunque', 'uno', 'paesi', 'Per', 'Italia', 'riaprire', 'saranno', 'v', 'sembrava', 'annunciato', 'grandi', 'mangiamo', 'vengono', 'cose', 'dubbi', 'Uniti', 'Russia', 'gli', 'il', 'questo', 'martedì', 'dovrebbero', 'era', 'Reuters', 'settimane', 'salute', 'livello', 'sistema', 'con', 'della', 'causa', 'comunque', 'sulla', 'esito', 'somministrazione', 'distribuire', 'accettata', 'primi', 'in', 'offerto', 'già', 'Come', 'TAG', 'esercito', 'hanno', 'lo', 'data', 'Sputnik', 'video', '1', 'afroamericano', 'giorno', 'stato', 'sarà', 'dalla', 'riuscita', 'scuole', 'al', 'nei', 'cominciata', 'vuole', 'Bielorussia', 'su', 'molte', 'testato', 'un', 'chiusura', 'Negli', 'se', 'quotidiani', 'previsti', 'cui', 'formalmente', 'produzione', 'morto', 'fatte', 'Lunedì', 'commenti', 'situazione', 'Leggi', 'individuare', 'diffuso', 'superamento', 'da']	asfissiato, 
https://www.ilpost.it/2020/09/03/foto-primo-giorno-venezia-2/	['prime', 'sale', 'mascherine', 'adottate', 'Le', 'primo', 'coronavirus', 'canzone', 'e', 'a', 'Settembre', 'inizio', 'temperatura', 'mano', 'ben', 'preside', 'Post', 'zaini', 'Vai', 'pandemia', 'dell', 'clima', 'tracciamento', 'di', 'Celotto', '3', '77ª', 'grande', 'Starnone', 'abbonato', 'Tilda', 'cinema', 'fotografare', 'si', 'valeva', 'cerimonia', 'oppure', 'red', 'festival', 'nero', 'foto', 'Lucchetti', 'o', 'Morante', 'omonimo', 'durante', 'sei', 'tiene', 'oro', 'attrici', 'Lacci', 'ieri', 'È', 'abbinate', 'vedere', 'internazionali', 'innescherà', 'Giappone', '2020', 'delle', 'Marracash', 'sono', 'i', 'che', 'giovedì', 'tra', 'Lealtrefoto', 'distanziati', 'anche', 'corporea', 'l', 'premiazione', 'semplici', 'Dario', 'alla', 'è', 'Guarda', 'le', 'commentare', 'accedi', 'Daniele', 'completi', 'articolo', 'Getty', 'come', 'film', 'abbonati', 'proiezione', 'Armani', 'Il', 'Blanchett', 'Zunino', 'controllo', '16', 'vestiti', 'd', 'Franceschini', 'state', 'viste', 'chirurgiche', 'articoli', 'carpet', 'carriera', 'misure', 'erano', 'partecipanti', 'sul', 'del', 'preventive', 'Cultura', '2', 'Mostra', 'I', 'Mick', 'giuria', 'la', 'tornare', 'per', 'iniziata', 'Roberta', 'piatto', 'dopo', 'tutti', 'nelle', 'proiezioni', 'ufficiale', 'tratto', 'una', 'c', 'prossimo', 'cotoletta', 'scuola', 'settembre', 'concorso', 'Leone', 'persone', 'Per', 'grandi', 'gli', 'il', 'questo', 'romanzo', 'obbligo', 'migrazioni', 'attrice', 'Venezia', 'distanziamento', 'tenute', 'con', 'della', 'Una', 'Domenico', 'frequente', 'in', 'già', 'Elodie', 'TAG', 'edizione', 'gruppo', 'Anche', 'giorno', 'tipico', 'lavoro', 'motivo', 'venezia', 'Lynch', 'apertura', 'colossali', 'al', 'Images', 'poi', 'portata', 'Tra', 'un', 'Swinton', 'se', 'Vittorio', 'cinematografico', 'pena', 'Cate', 'Festival', 'bianco', 'commenti', 'Leggi', 'Laura', 'fv20', 'da']	
https://www.ilpost.it/2020/09/03/uomo-afroamericano-morto-asfissiato-incappucciato-arrestato-polizia-new-york/	['cappuccio', 'strade', 'mettono', 'coronavirus', 'migliaia', 'produzione', 'e', 'morte', 'a', 'Settembre', 'ed', 'Harry', 'dispersa', 'mercoledì', 'sanzioni', 'convocato', 'principe', 'Vai', 'Polizia', 'dell', 'Prude', 'di', '3', 'possibili', 'dati', 'dispositivo', 'caso', 'oggi', 'nota', 'polizia', 'si', 'testa', 'asfissia', 'ai', 'giorni', 'durante', 'cargo', 'uomo', 'casi', 'Daniel', '8', 'saliva', 'positivo', 'amministrazione', 'equipaggio', 'In', '30', 'Giappone', 'arrestato', 'mostra', 'invasione', '2020', 'sette', 'firmato', 'delle', 'quando', 'fino', 'che', 'giovedì', 'i', 'bovini', 'l', 'scorso', 'Silvio', 'L', 'nello', 'occupando', 'è', 'essere', 'le', 'non', 'telecamere', 'New', 'nudo', 'marzo', 'Netflix', 'AP', 'articolo', 'correva', 'uniti', 'matter', 'quei', 'Il', 'Corte', 'incappucciato', 'ha', 'pubblico', 'premuto', 'contratto', '08', 'accertati', '43', 'asfissiato', 'Meghan', 'due', 'La', 'realizzato', 'Mondo', 'guerra', 'lives', 'erano', 'largo', 'sul', 'procuratrice', 'avevano', 'del', 'sta', 'minuti', 'Cultura', '2', 'penale', 'imposto', 'I', 'rapporti', 'la', 'risultato', 'per', 'alcuni', 'Stati', 'media', 'dopo', 'York', 'utilizzato', 'una', 'marciapiedi', 'arresto', 'prossimo', 'settembre', 'vede', 'crimini', 'moglie', 'Italia', 'internazionale', 'Afghanistan', 'Nel', 'Uniti', 'gli', 'il', 'immagini', 'era', 'stampa', 'negli', 'famiglia', 'Berlusconi', 'con', 'della', 'sulla', 'Una', 'sputo', 'anti', 'nave', 'messo', 'Trump', 'difendersi', 'primi', 'in', 'TAG', 'lo', 'hanno', 'Mercoledì', 'sua', 'conferenza', 'video', 'afroamericano', 'Rochester', 'stato', 'dagli', 'dalla', 'chiamava', 'membri', 'al', 'poi', 'stati', 'un', 'Negli', 'cui', 'agenti', 'black', 'morto', 'bianco', 'diffuso']	
https://www.ilpost.it/2020/09/03/nave-dispersa-equipaggio-bovini-giappone/	['australiani', 'trovato', 'Le', 'Esteri', 'coronavirus', 'salvataggio', 'migliaia', 'navi', 'e', 'ricerche', 'a', '17', 'produzione', 'Settembre', 'Livestock', 'Harry', 'dispersa', 'mercoledì', 'sanzioni', 'tifone', 'principe', 'Vai', 'dell', 'Gulf', 'comprende', 'neozelandese', 'raccontato', 'di', '3', 'possibili', 'dati', 'ma', 'A', 'oggi', 'neozelandesi', 'condizioni', 'isola', 'si', 'colpita', 'rese', 'tempesta', 'giorni', 'lasciato', 'paese', 'durante', 'cargo', 'uomo', 'stata', 'Mar', 'motore', '2002', 'positivo', 'amministrazione', '6mila', 'Cina', 'equipaggio', 'Giappone', 'Amami', 'all', 'capi', 'invasione', 'ci', 'Guardia', '2020', 'dovuta', 'firmato', 'delle', 'continuano', 'sono', 'aerei', 'che', 'giovedì', 'giapponese', 'bovini', 'nel', 'l', 'Silvio', 'L', 'bordo', 'alla', 'occupando', 'è', 'essere', 'Filippine', 'rotto', 'agosto', 'marinai', 'Netflix', 'filippino', 'AP', 'infrangono', 'Torino', 'lanciato', 'provocate', 'tramite', 'articolo', '39', 'avvicina', 'acque', 'onda', 'Il', 'Corte', 'ha', 'pubblico', 'panamense', 'contratto', 'Maysak', '43', 'dalle', 'detto', 'Corea', 'Meghan', 'due', 'La', 'Oshima', 'costruita', 'Jeju', 'Mondo', 'Sud', 'guerra', 'largo', 'alte', 'aveva', 'sul', 'riapertura', 'procuratrice', 'sta', 'del', 'Orientale', 'Cultura', 'forti', '2', 'penale', 'mentre', 'imposto', 'I', 'la', 'sarebbe', 'metri', 'risultato', 'pattuglia', 'spiaggia', 'dopo', '139', 'una', 'Cinese', 'sciopero', 'prossimo', 'settembre', 'piogge', 'ministero', 'crimini', 'uno', 'moglie', 'Italia', 'internazionale', 'mare', 'onde', 'arrivare', 'Afghanistan', 'chiama', 'il', 'difficili', 'bandiera', 'Berlusconi', 'Yonhap', 'con', 'della', 'Una', 'nave', 'Ji', 'degli', 'sulla', 'segnale', 'deriva', 'Trump', 'in', 'giubbotto', 'TAG', 'hanno', 'sua', '1', 'sud', 'Park', 'trasporto', 'giorno', 'stato', 'sarà', 'ho', 'bestiame', 'battente', 'membri', 'mercantile', 'al', 'membro', 'poi', 'capovolta', 'giappone', 'scuole', 'soccorso', 'su', 'dal', 'un', 'Costiera', 'ovest', '14', 'resto', 'da']	
https://www.ilpost.it/2020/09/03/previsioni-meteo-venerdi-4-settembre/	['calendario', 'Dopo', 'Le', 'primo', 'diminuzioni', 'e', 'eccezione', 'a', 'questi', 'avranno', 'Settembre', 'dovete', 'torneranno', 'Post', 'zaini', 'Vai', 'aumentare', 'dell', 'mappe', 'sensibili', 'di', 'probabilmente', '3', 'ma', 'diventato', 'A', 'leggermente', 'volete', 'abbonato', 'Sicilia', 'eradicata', 'oppure', 'più', 'festival', 'foto', 'o', 'variazioni', 'giorni', 'affidabili', 'Notte', 'paese', 'sei', 'stata', 'facile', 'inutili', 'ultimi', 'sole', 'no', 'ci', 'In', 'poliomielite', '2020', 'migliorerà', 'Militare', 'tornerà', 'mattutine', 'Africa', 'quasi', 'Alto', 'fa', 'i', 'che', 'giovedì', 'meno', 'Lealtrefoto', 'anche', 'nel', 'Abbonarsi', 'costiere', 'alla', 'larga', 'è', 'non', 'le', 'aree', 'venerdì', 'commentare', 'accedi', 'qualche', 'visitare', 'provincia', 'Aeronautica', 'articolo', 'nuvole', 'domani', 'abbonati', 'Il', '16', 'arrivano', 'Trentino', 'meridionale', 'Lombardia', 'articoli', 'due', 'Centro', 'Sud', 'Al', 'meteo', 'dove', 'quelle', 'rilevanti', 'del', 'stare', 'tempo', 'ioniche', 'Mostra', 'nella', 'pioverà', 'la', 'tornare', 'soprattutto', 'Mattina', 'per', 'quello', 'tutti', 'nelle', 'aggiornate', 'scuola', 'prossimo', 'settembre', 'Pavia', 'piogge', 'Dove', 'Per', 'tutte', 'saranno', 'pomeriggio', 'Nel', 'fin', 'temperature', 'tutto', 'massime', 'il', 'Pomeriggio', 'sito', 'questo', 'gli', 'Venezia', 'allarmismi', '4', 'beltempo', 'con', 'regioni', 'della', 'degli', 'nebbie', 'in', 'Sera', 'già', 'TAG', 'Serie', 'previsioni', 'giorno', 'sarà', '2021', 'lavoro', 'rispetto', 'dalla', 'tirreniche', 'al', 'poi', 'interessa', 'leggere', 'tranne', 'Nord', 'ovunque', 'mattina', 'dal', 'posti', 'invece', 'selvaggia', 'Adige', 'commenti', 'resto', 'Leggi', 'dicono', 'se', 'da']	beltempo, 
https://www.ilpost.it/2020/09/03/uomo-afroamericano-morto-asfissiato-incappucciato-arrestato-polizia-new-york/	['cappuccio', 'strade', 'mettono', 'coronavirus', 'migliaia', 'produzione', 'e', 'morte', 'a', 'Settembre', 'ed', 'Harry', 'dispersa', 'mercoledì', 'sanzioni', 'convocato', 'principe', 'Vai', 'Polizia', 'dell', 'Prude', 'di', '3', 'possibili', 'dati', 'dispositivo', 'caso', 'oggi', 'nota', 'polizia', 'si', 'testa', 'asfissia', 'ai', 'giorni', 'durante', 'cargo', 'uomo', 'casi', 'Daniel', '8', 'saliva', 'positivo', 'amministrazione', 'equipaggio', 'In', '30', 'Giappone', 'arrestato', 'mostra', 'invasione', '2020', 'sette', 'firmato', 'delle', 'quando', 'fino', 'che', 'giovedì', 'i', 'bovini', 'l', 'scorso', 'Silvio', 'L', 'nello', 'occupando', 'è', 'essere', 'le', 'non', 'telecamere', 'New', 'nudo', 'marzo', 'Netflix', 'AP', 'articolo', 'correva', 'uniti', 'matter', 'quei', 'Il', 'Corte', 'incappucciato', 'ha', 'pubblico', 'premuto', 'contratto', '08', 'accertati', '43', 'asfissiato', 'Meghan', 'due', 'La', 'realizzato', 'Mondo', 'guerra', 'lives', 'erano', 'largo', 'sul', 'procuratrice', 'avevano', 'del', 'sta', 'minuti', 'Cultura', '2', 'penale', 'imposto', 'I', 'rapporti', 'la', 'risultato', 'per', 'alcuni', 'Stati', 'media', 'dopo', 'York', 'utilizzato', 'una', 'marciapiedi', 'arresto', 'prossimo', 'settembre', 'vede', 'crimini', 'moglie', 'Italia', 'internazionale', 'Afghanistan', 'Nel', 'Uniti', 'gli', 'il', 'immagini', 'era', 'stampa', 'negli', 'famiglia', 'Berlusconi', 'con', 'della', 'sulla', 'Una', 'sputo', 'anti', 'nave', 'messo', 'Trump', 'difendersi', 'primi', 'in', 'TAG', 'lo', 'hanno', 'Mercoledì', 'sua', 'conferenza', 'video', 'afroamericano', 'Rochester', 'stato', 'dagli', 'dalla', 'chiamava', 'membri', 'al', 'poi', 'stati', 'un', 'Negli', 'cui', 'agenti', 'black', 'morto', 'bianco', 'diffuso']	
https://www.ilpost.it/2020/09/03/nave-dispersa-equipaggio-bovini-giappone/	['australiani', 'trovato', 'Le', 'Esteri', 'coronavirus', 'salvataggio', 'migliaia', 'navi', 'e', 'ricerche', 'a', '17', 'produzione', 'Settembre', 'Livestock', 'Harry', 'dispersa', 'mercoledì', 'sanzioni', 'tifone', 'principe', 'Vai', 'dell', 'Gulf', 'comprende', 'neozelandese', 'raccontato', 'di', '3', 'possibili', 'dati', 'ma', 'A', 'oggi', 'neozelandesi', 'condizioni', 'isola', 'si', 'colpita', 'rese', 'tempesta', 'giorni', 'lasciato', 'paese', 'durante', 'cargo', 'uomo', 'stata', 'Mar', 'motore', '2002', 'positivo', 'amministrazione', '6mila', 'Cina', 'equipaggio', 'Giappone', 'Amami', 'all', 'capi', 'invasione', 'ci', 'Guardia', '2020', 'dovuta', 'firmato', 'delle', 'continuano', 'sono', 'aerei', 'che', 'giovedì', 'giapponese', 'bovini', 'nel', 'l', 'Silvio', 'L', 'bordo', 'alla', 'occupando', 'è', 'essere', 'Filippine', 'rotto', 'agosto', 'marinai', 'Netflix', 'filippino', 'AP', 'infrangono', 'Torino', 'lanciato', 'provocate', 'tramite', 'articolo', '39', 'avvicina', 'acque', 'onda', 'Il', 'Corte', 'ha', 'pubblico', 'panamense', 'contratto', 'Maysak', '43', 'dalle', 'detto', 'Corea', 'Meghan', 'due', 'La', 'Oshima', 'costruita', 'Jeju', 'Mondo', 'Sud', 'guerra', 'largo', 'alte', 'aveva', 'sul', 'riapertura', 'procuratrice', 'sta', 'del', 'Orientale', 'Cultura', 'forti', '2', 'penale', 'mentre', 'imposto', 'I', 'la', 'sarebbe', 'metri', 'risultato', 'pattuglia', 'spiaggia', 'dopo', '139', 'una', 'Cinese', 'sciopero', 'prossimo', 'settembre', 'piogge', 'ministero', 'crimini', 'uno', 'moglie', 'Italia', 'internazionale', 'mare', 'onde', 'arrivare', 'Afghanistan', 'chiama', 'il', 'difficili', 'bandiera', 'Berlusconi', 'Yonhap', 'con', 'della', 'Una', 'nave', 'Ji', 'degli', 'sulla', 'segnale', 'deriva', 'Trump', 'in', 'giubbotto', 'TAG', 'hanno', 'sua', '1', 'sud', 'Park', 'trasporto', 'giorno', 'stato', 'sarà', 'ho', 'bestiame', 'battente', 'membri', 'mercantile', 'al', 'membro', 'poi', 'capovolta', 'giappone', 'scuole', 'soccorso', 'su', 'dal', 'un', 'Costiera', 'ovest', '14', 'resto', 'da']	
https://www.ilpost.it/2020/09/03/russia-milione-casi-vaccino-coronavirus/	['prime', 'completare', 'crescere', 'scala', 'Golovkin', 'coronavirus', 'sorpresa', 'nuovi', 'migliaia', 'e', 'iniziale', 'a', 'quarto', 'morte', '17', 'Settembre', 'Photo', 'virus', 'inizio', 'vaccinazione', 'solo', 'insegnanti', 'Post', 'diverse', 'Vai', 'pandemia', 'confermato', 'dell', 'dei', 'cominciare', 'raccontato', 'di', 'Brasile', 'Questo', 'Tutto', '3', 'ma', 'cominciavano', 'dosi', 'A', 'Europa', 'superato', 'riportato', 'però', 'grossi', 'medici', 'nemmeno', 'abbonato', 'intorno', 'completamento', 'polizia', 'oppure', 'governo', 'più', 'raggiunto', 'lavorativi', 'o', 'scelta', 'dai', 'prima', 'paese', 'obbligatorio', 'inizieranno', 'sei', 'stata', 'perplessità', 'avviare', 'casi', 'uomo', 'Cosa', 'Vaccinarsi', 'tempistiche', 'riportare', 'ritenuto', 'cominciato', 'sappiamo', 'diffusione', 'positivo', 'diversi', 'voler', 'Cina', 'altro', 'In', 'ci', 'tuttora', 'rifiutarsi', 'massa', 'vaccinazioni', 'piante', '2020', 'milione', 'molti', 'dicembre', 'diminuire', 'confermati', 'nuovo', 'tempestiva', 'fa', 'Oggi', 'delle', 'quasi', 'base', 'ad', 'sono', 'significa', 'i', 'che', 'giovedì', 'tra', 'meno', 'legato', 'anche', 'nel', 'l', 'pericoloso', 'efficace', 'cali', 'deciso', 'alla', 'fare', 'larga', 'non', 'è', 'paure', 'le', 'essere', 'maggio', 'commentare', 'accedi', 'evitare', 'agosto', 'volontaria', 'entro', 'epidemia', 'farlo', 'distribuite', 'AP', 'confini', 'mondo', 'articolo', 'venga', 'ministro', 'corso', 'Difesa', 'isolare', 'legate', 'fatto', '365', 'molto', 'popolazione', 'abbonati', 'Il', 'contagi', 'altri', 'controllo', 'significativi', 'suoi', 'incappucciato', 'ha', 'peggiorate', 'sotto', 'diminuiscono', 'clinici', 'sputnik', 'test', 'aver', 'mesi', 'V', 'prossimo', 'detto', 'aprile', 'massimo', 'sviluppato', 'articoli', 'asfissiato', 'russo', 'La', 'personale', 'rapidamente', 'Mondo', 'speranze', 'Al', 'nonostante', 'Salute', 'dove', 'successo', 'quelle', 'grave', 'aveva', 'affinché', 'Pavel', 'protocolli', 'Ad', 'suo', 'circolano', 'poche', 'cominciando', 'riapertura', 'annunciate', 'del', 'potrebbero', 'ridosso', 'pressioni', 'fine', 'mentre', 'comportare', 'I', 'distribuzione', 'rischi', 'Mostra', 'vaccino', 'la', 'impiego', 'prendersi', 'problemi', 'consegne', 'confine', 'avranno', 'militari', 'Mikhail', 'per', 'iniziata', '5mila', 'alcuni', 'Stati', 'potenzialmente', 'ogni', 'quello', 'dopo', 'tutti', 'ottobre', 'Murashko', 'normali', 'Mentre', 'una', 'novembre', 'contagio', '4mila', 'enormemente', 'India', 'quelli', 'numero', 'sembrato', 'persone', 'può', 'settembre', 'russia', 'qualunque', 'uno', 'paesi', 'Per', 'Italia', 'riaprire', 'saranno', 'v', 'sembrava', 'annunciato', 'grandi', 'mangiamo', 'vengono', 'cose', 'dubbi', 'Uniti', 'Russia', 'gli', 'il', 'questo', 'martedì', 'dovrebbero', 'era', 'Reuters', 'settimane', 'salute', 'livello', 'sistema', 'con', 'della', 'causa', 'comunque', 'sulla', 'esito', 'somministrazione', 'distribuire', 'accettata', 'primi', 'in', 'offerto', 'già', 'Come', 'TAG', 'esercito', 'hanno', 'lo', 'data', 'Sputnik', 'video', '1', 'afroamericano', 'giorno', 'stato', 'sarà', 'dalla', 'riuscita', 'scuole', 'al', 'nei', 'cominciata', 'vuole', 'Bielorussia', 'su', 'molte', 'testato', 'un', 'chiusura', 'Negli', 'se', 'quotidiani', 'previsti', 'cui', 'formalmente', 'produzione', 'morto', 'fatte', 'Lunedì', 'commenti', 'situazione', 'Leggi', 'individuare', 'diffuso', 'superamento', 'da']	
https://www.ilpost.it/2020/09/03/previsioni-meteo-venerdi-4-settembre/	['calendario', 'Dopo', 'Le', 'primo', 'diminuzioni', 'e', 'eccezione', 'a', 'questi', 'avranno', 'Settembre', 'dovete', 'torneranno', 'Post', 'zaini', 'Vai', 'aumentare', 'dell', 'mappe', 'sensibili', 'di', 'probabilmente', '3', 'ma', 'diventato', 'A', 'leggermente', 'volete', 'abbonato', 'Sicilia', 'eradicata', 'oppure', 'più', 'festival', 'foto', 'o', 'variazioni', 'giorni', 'affidabili', 'Notte', 'paese', 'sei', 'stata', 'facile', 'inutili', 'ultimi', 'sole', 'no', 'ci', 'In', 'poliomielite', '2020', 'migliorerà', 'Militare', 'tornerà', 'mattutine', 'Africa', 'quasi', 'Alto', 'fa', 'i', 'che', 'giovedì', 'meno', 'Lealtrefoto', 'anche', 'nel', 'Abbonarsi', 'costiere', 'alla', 'larga', 'è', 'non', 'le', 'aree', 'venerdì', 'commentare', 'accedi', 'qualche', 'visitare', 'provincia', 'Aeronautica', 'articolo', 'nuvole', 'domani', 'abbonati', 'Il', '16', 'arrivano', 'Trentino', 'meridionale', 'Lombardia', 'articoli', 'due', 'Centro', 'Sud', 'Al', 'meteo', 'dove', 'quelle', 'rilevanti', 'del', 'stare', 'tempo', 'ioniche', 'Mostra', 'nella', 'pioverà', 'la', 'tornare', 'soprattutto', 'Mattina', 'per', 'quello', 'tutti', 'nelle', 'aggiornate', 'scuola', 'prossimo', 'settembre', 'Pavia', 'piogge', 'Dove', 'Per', 'tutte', 'saranno', 'pomeriggio', 'Nel', 'fin', 'temperature', 'tutto', 'massime', 'il', 'Pomeriggio', 'sito', 'questo', 'gli', 'Venezia', 'allarmismi', '4', 'beltempo', 'con', 'regioni', 'della', 'degli', 'nebbie', 'in', 'Sera', 'già', 'TAG', 'Serie', 'previsioni', 'giorno', 'sarà', '2021', 'lavoro', 'rispetto', 'dalla', 'tirreniche', 'al', 'poi', 'interessa', 'leggere', 'tranne', 'Nord', 'ovunque', 'mattina', 'dal', 'posti', 'invece', 'selvaggia', 'Adige', 'commenti', 'resto', 'Leggi', 'dicono', 'se', 'da']	
https://www.ilpost.it/2020/09/03/uomo-afroamericano-morto-asfissiato-incappucciato-arrestato-polizia-new-york/	['cappuccio', 'strade', 'mettono', 'coronavirus', 'migliaia', 'produzione', 'e', 'morte', 'a', 'Settembre', 'ed', 'Harry', 'dispersa', 'mercoledì', 'sanzioni', 'convocato', 'principe', 'Vai', 'Polizia', 'dell', 'Prude', 'di', '3', 'possibili', 'dati', 'dispositivo', 'caso', 'oggi', 'nota', 'polizia', 'si', 'testa', 'asfissia', 'ai', 'giorni', 'durante', 'cargo', 'uomo', 'casi', 'Daniel', '8', 'saliva', 'positivo', 'amministrazione', 'equipaggio', 'In', '30', 'Giappone', 'arrestato', 'mostra', 'invasione', '2020', 'sette', 'firmato', 'delle', 'quando', 'fino', 'che', 'giovedì', 'i', 'bovini', 'l', 'scorso', 'Silvio', 'L', 'nello', 'occupando', 'è', 'essere', 'le', 'non', 'telecamere', 'New', 'nudo', 'marzo', 'Netflix', 'AP', 'articolo', 'correva', 'uniti', 'matter', 'quei', 'Il', 'Corte', 'incappucciato', 'ha', 'pubblico', 'premuto', 'contratto', '08', 'accertati', '43', 'asfissiato', 'Meghan', 'due', 'La', 'realizzato', 'Mondo', 'guerra', 'lives', 'erano', 'largo', 'sul', 'procuratrice', 'avevano', 'del', 'sta', 'minuti', 'Cultura', '2', 'penale', 'imposto', 'I', 'rapporti', 'la', 'risultato', 'per', 'alcuni', 'Stati', 'media', 'dopo', 'York', 'utilizzato', 'una', 'marciapiedi', 'arresto', 'prossimo', 'settembre', 'vede', 'crimini', 'moglie', 'Italia', 'internazionale', 'Afghanistan', 'Nel', 'Uniti', 'gli', 'il', 'immagini', 'era', 'stampa', 'negli', 'famiglia', 'Berlusconi', 'con', 'della', 'sulla', 'Una', 'sputo', 'anti', 'nave', 'messo', 'Trump', 'difendersi', 'primi', 'in', 'TAG', 'lo', 'hanno', 'Mercoledì', 'sua', 'conferenza', 'video', 'afroamericano', 'Rochester', 'stato', 'dagli', 'dalla', 'chiamava', 'membri', 'al', 'poi', 'stati', 'un', 'Negli', 'cui', 'agenti', 'black', 'morto', 'bianco', 'diffuso']	
https://www.ilpost.it/2020/09/03/foto-primo-giorno-venezia-2/	['prime', 'sale', 'mascherine', 'adottate', 'Le', 'primo', 'coronavirus', 'canzone', 'e', 'a', 'Settembre', 'inizio', 'temperatura', 'mano', 'ben', 'preside', 'Post', 'zaini', 'Vai', 'pandemia', 'dell', 'clima', 'tracciamento', 'di', 'Celotto', '3', '77ª', 'grande', 'Starnone', 'abbonato', 'Tilda', 'cinema', 'fotografare', 'si', 'valeva', 'cerimonia', 'oppure', 'red', 'festival', 'nero', 'foto', 'Lucchetti', 'o', 'Morante', 'omonimo', 'durante', 'sei', 'tiene', 'oro', 'attrici', 'Lacci', 'ieri', 'È', 'abbinate', 'vedere', 'internazionali', 'innescherà', 'Giappone', '2020', 'delle', 'Marracash', 'sono', 'i', 'che', 'giovedì', 'tra', 'Lealtrefoto', 'distanziati', 'anche', 'corporea', 'l', 'premiazione', 'semplici', 'Dario', 'alla', 'è', 'Guarda', 'le', 'commentare', 'accedi', 'Daniele', 'completi', 'articolo', 'Getty', 'come', 'film', 'abbonati', 'proiezione', 'Armani', 'Il', 'Blanchett', 'Zunino', 'controllo', '16', 'vestiti', 'd', 'Franceschini', 'state', 'viste', 'chirurgiche', 'articoli', 'carpet', 'carriera', 'misure', 'erano', 'partecipanti', 'sul', 'del', 'preventive', 'Cultura', '2', 'Mostra', 'I', 'Mick', 'giuria', 'la', 'tornare', 'per', 'iniziata', 'Roberta', 'piatto', 'dopo', 'tutti', 'nelle', 'proiezioni', 'ufficiale', 'tratto', 'una', 'c', 'prossimo', 'cotoletta', 'scuola', 'settembre', 'concorso', 'Leone', 'persone', 'Per', 'grandi', 'gli', 'il', 'questo', 'romanzo', 'obbligo', 'migrazioni', 'attrice', 'Venezia', 'distanziamento', 'tenute', 'con', 'della', 'Una', 'Domenico', 'frequente', 'in', 'già', 'Elodie', 'TAG', 'edizione', 'gruppo', 'Anche', 'giorno', 'tipico', 'lavoro', 'motivo', 'venezia', 'Lynch', 'apertura', 'colossali', 'al', 'Images', 'poi', 'portata', 'Tra', 'un', 'Swinton', 'se', 'Vittorio', 'cinematografico', 'pena', 'Cate', 'Festival', 'bianco', 'commenti', 'Leggi', 'Laura', 'fv20', 'da']	
https://www.ilpost.it/2020/09/03/nave-dispersa-equipaggio-bovini-giappone/	['australiani', 'trovato', 'Le', 'Esteri', 'coronavirus', 'salvataggio', 'migliaia', 'navi', 'e', 'ricerche', 'a', '17', 'produzione', 'Settembre', 'Livestock', 'Harry', 'dispersa', 'mercoledì', 'sanzioni', 'tifone', 'principe', 'Vai', 'dell', 'Gulf', 'comprende', 'neozelandese', 'raccontato', 'di', '3', 'possibili', 'dati', 'ma', 'A', 'oggi', 'neozelandesi', 'condizioni', 'isola', 'si', 'colpita', 'rese', 'tempesta', 'giorni', 'lasciato', 'paese', 'durante', 'cargo', 'uomo', 'stata', 'Mar', 'motore', '2002', 'positivo', 'amministrazione', '6mila', 'Cina', 'equipaggio', 'Giappone', 'Amami', 'all', 'capi', 'invasione', 'ci', 'Guardia', '2020', 'dovuta', 'firmato', 'delle', 'continuano', 'sono', 'aerei', 'che', 'giovedì', 'giapponese', 'bovini', 'nel', 'l', 'Silvio', 'L', 'bordo', 'alla', 'occupando', 'è', 'essere', 'Filippine', 'rotto', 'agosto', 'marinai', 'Netflix', 'filippino', 'AP', 'infrangono', 'Torino', 'lanciato', 'provocate', 'tramite', 'articolo', '39', 'avvicina', 'acque', 'onda', 'Il', 'Corte', 'ha', 'pubblico', 'panamense', 'contratto', 'Maysak', '43', 'dalle', 'detto', 'Corea', 'Meghan', 'due', 'La', 'Oshima', 'costruita', 'Jeju', 'Mondo', 'Sud', 'guerra', 'largo', 'alte', 'aveva', 'sul', 'riapertura', 'procuratrice', 'sta', 'del', 'Orientale', 'Cultura', 'forti', '2', 'penale', 'mentre', 'imposto', 'I', 'la', 'sarebbe', 'metri', 'risultato', 'pattuglia', 'spiaggia', 'dopo', '139', 'una', 'Cinese', 'sciopero', 'prossimo', 'settembre', 'piogge', 'ministero', 'crimini', 'uno', 'moglie', 'Italia', 'internazionale', 'mare', 'onde', 'arrivare', 'Afghanistan', 'chiama', 'il', 'difficili', 'bandiera', 'Berlusconi', 'Yonhap', 'con', 'della', 'Una', 'nave', 'Ji', 'degli', 'sulla', 'segnale', 'deriva', 'Trump', 'in', 'giubbotto', 'TAG', 'hanno', 'sua', '1', 'sud', 'Park', 'trasporto', 'giorno', 'stato', 'sarà', 'ho', 'bestiame', 'battente', 'membri', 'mercantile', 'al', 'membro', 'poi', 'capovolta', 'giappone', 'scuole', 'soccorso', 'su', 'dal', 'un', 'Costiera', 'ovest', '14', 'resto', 'da']	
https://www.ilpost.it/2020/09/03/india-blocco-118-app-cinesi/	['Harry', 'territoriale', 'dei', 'dispersa', 'confine', 'risultato', 'indiani', 'articolo', 'del', 'sia', 'polizia', 'eserciti', 'improprio', 'motivazioni', 'cina', 'Trump', 'stesse', 'casi', 'Android', 'Play', 'sull', 'decisione', 'ancora', 'Lo', 'imposto', 'moglie', 'tutte', 'delle', 'varie', 'integrità', 'avevano', 'disputa', 'deciso', 'sta', 'state', 'WeChat', 'crimini', 'Clash', 'momento', 'due', 'militari', 'coronavirus', 'della', 'Kings', '16', 'catene', 'internazionale', 'indiano', 'diffuso', 'L', 'tensioni', 'una', 'dopo', 'dichiarato', 'stati', 'positivo', 'App', 'dello', 'erano', 'grandi', 'più', 'riaccese', 'bovini', 'bloccate', 'gli', 'Corte', 'vaccino', 'applicazioni', 'guerra', 'sicurezza', 'attività', 'dispositivi', 'alla', 'è', 'Tra', 'società', 'ha', 'principe', 'sua', 'ministro', 'ricevuto', 'Tecnologia', 'server', 'luce', 'regione', 'senza', 'nazionale', 'penale', 'segnalazioni', 'cui', '59', 'quello', 'altre', 'Settembre', 'il', 'india', 'cargo', 'membri', 'Ladakh', '20', 'l', 'portato', 'amministrazione', 'procuratrice', 'equipaggio', 'blocco', 'sulla', 'aveva', 'pericolo', 'verranno', 'mercato', 'si', 'uomo', 'app', 'rubare', 'Una', 'uno', 'video', 'la', 'morto', 'mentre', 'utenti', 'paesi', 'territorio', '42', 'of', 'fonti', 'finale', 'firmato', 'La', 'rimosse', 'Berlusconi', 'Apple', 'governo', 'occupando', 'su', 'Images', 'largo', 'TikTok', 'fare', 'i', 'Xiaomi', 'Karakorum', 'per', 'informazioni', 'mobile', 'Vai', '43', 'bloccare', 'scorso', 'giochi', 'TAG', 'Elettronica', 'con', 'problemi', 'sono', 'in', 'a', 'iOS', 'sul', 'ci', 'poiché', 'pubblico', 'trasmettere', 'mobili', 'piattaforme', 'mettere', 'affiliata', 'Himalaya', 'principali', 'Netflix', 'uccisi', 'ma', 'Alibaba', 'le', 'Pechino', 'durante', 'di', 'nella', '3', 'degli', 'mondo', 'Cina', 'Stati', 'difesa', 'proprio', 'afroamericano', 'Un', 'Al', 'contratto', 'nonostante', 'Zhang', 'non', 'Afghanistan', 'soldati', 'prossimo', 'gioco', 'incappucciato', '08', 'Group', 'comprese', 'videochiamate', 'Giappone', 'annunciato', 'utilizzate', 'Cultura', 'almeno', 'ordine', '2', 'Store', 'scontro', 'Google', 'dalla', 'potrebbero', 'possibili', 'essere', 'Meghan', 'immagine', 'tecnologiche', 'come', 'tra', 'informazione', 'vietate', '5v5', 'Of', 'asfissiato', 'Lintao', 'invasione', 'Mondo', 'Baidu', 'Ant', 'dati', 'probabile', 'da', 'fuori', 'arriva', 'forze', 'dell', 'che', '8', 'un', 'migliaia', 'Uniti', 'alcune', 'grande', 'videogioco', 'Il', 'settembre', 'potenziali', 'denunce', 'NetEase', 'sviluppate', 'Negli', 'India', 'e', 'Russia', 'stato', 'testato', 'popolare', 'hanno', 'Le', 'molte', 'Tencent', 'suo', 'milione', 'agosto', 'detto', '118', 'giovedì', 'sovranità', 'al', 'sanzioni', 'uso', 'Getty', 'disponibili', 'cinesi', 'breve', '2020', 'aver', 'Silvio', 'Coppa', 'produzione', 'impegnate', 'Glory', 'giugno', 'autorizzazione', 'aziende', 'Italia', 'nave', 'vecchia']	
https://www.ilpost.it/2020/09/03/india-blocco-118-app-cinesi/	['Harry', 'territoriale', 'dei', 'dispersa', 'confine', 'risultato', 'indiani', 'articolo', 'del', 'sia', 'polizia', 'eserciti', 'improprio', 'motivazioni', 'cina', 'Trump', 'stesse', 'casi', 'Android', 'Play', 'sull', 'decisione', 'ancora', 'Lo', 'imposto', 'moglie', 'tutte', 'delle', 'varie', 'integrità', 'avevano', 'disputa', 'deciso', 'sta', 'state', 'WeChat', 'crimini', 'Clash', 'momento', 'due', 'militari', 'coronavirus', 'della', 'Kings', '16', 'catene', 'internazionale', 'indiano', 'diffuso', 'L', 'tensioni', 'una', 'dopo', 'dichiarato', 'stati', 'positivo', 'App', 'dello', 'erano', 'grandi', 'più', 'riaccese', 'bovini', 'bloccate', 'gli', 'Corte', 'vaccino', 'applicazioni', 'guerra', 'sicurezza', 'attività', 'dispositivi', 'alla', 'è', 'Tra', 'società', 'ha', 'principe', 'sua', 'ministro', 'ricevuto', 'Tecnologia', 'server', 'luce', 'regione', 'senza', 'nazionale', 'penale', 'segnalazioni', 'cui', '59', 'quello', 'altre', 'Settembre', 'il', 'india', 'cargo', 'membri', 'Ladakh', '20', 'l', 'portato', 'amministrazione', 'procuratrice', 'equipaggio', 'blocco', 'sulla', 'aveva', 'pericolo', 'verranno', 'mercato', 'si', 'uomo', 'app', 'rubare', 'Una', 'uno', 'video', 'la', 'morto', 'mentre', 'utenti', 'paesi', 'territorio', '42', 'of', 'fonti', 'finale', 'firmato', 'La', 'rimosse', 'Berlusconi', 'Apple', 'governo', 'occupando', 'su', 'Images', 'largo', 'TikTok', 'fare', 'i', 'Xiaomi', 'Karakorum', 'per', 'informazioni', 'mobile', 'Vai', '43', 'bloccare', 'scorso', 'giochi', 'TAG', 'Elettronica', 'con', 'problemi', 'sono', 'in', 'a', 'iOS', 'sul', 'ci', 'poiché', 'pubblico', 'trasmettere', 'mobili', 'piattaforme', 'mettere', 'affiliata', 'Himalaya', 'principali', 'Netflix', 'uccisi', 'ma', 'Alibaba', 'le', 'Pechino', 'durante', 'di', 'nella', '3', 'degli', 'mondo', 'Cina', 'Stati', 'difesa', 'proprio', 'afroamericano', 'Un', 'Al', 'contratto', 'nonostante', 'Zhang', 'non', 'Afghanistan', 'soldati', 'prossimo', 'gioco', 'incappucciato', '08', 'Group', 'comprese', 'videochiamate', 'Giappone', 'annunciato', 'utilizzate', 'Cultura', 'almeno', 'ordine', '2', 'Store', 'scontro', 'Google', 'dalla', 'potrebbero', 'possibili', 'essere', 'Meghan', 'immagine', 'tecnologiche', 'come', 'tra', 'informazione', 'vietate', '5v5', 'Of', 'asfissiato', 'Lintao', 'invasione', 'Mondo', 'Baidu', 'Ant', 'dati', 'probabile', 'da', 'fuori', 'arriva', 'forze', 'dell', 'che', '8', 'un', 'migliaia', 'Uniti', 'alcune', 'grande', 'videogioco', 'Il', 'settembre', 'potenziali', 'denunce', 'NetEase', 'sviluppate', 'Negli', 'India', 'e', 'Russia', 'stato', 'testato', 'popolare', 'hanno', 'Le', 'molte', 'Tencent', 'suo', 'milione', 'agosto', 'detto', '118', 'giovedì', 'sovranità', 'al', 'sanzioni', 'uso', 'Getty', 'disponibili', 'cinesi', 'breve', '2020', 'aver', 'Silvio', 'Coppa', 'produzione', 'impegnate', 'Glory', 'giugno', 'autorizzazione', 'aziende', 'Italia', 'nave', 'vecchia']	
https://www.ilpost.it/2020/09/03/india-blocco-118-app-cinesi/	['Harry', 'territoriale', 'dei', 'dispersa', 'confine', 'risultato', 'indiani', 'articolo', 'del', 'sia', 'polizia', 'eserciti', 'improprio', 'motivazioni', 'cina', 'Trump', 'stesse', 'casi', 'Android', 'Play', 'sull', 'decisione', 'ancora', 'Lo', 'imposto', 'moglie', 'tutte', 'delle', 'varie', 'integrità', 'avevano', 'disputa', 'deciso', 'sta', 'state', 'WeChat', 'crimini', 'Clash', 'momento', 'due', 'militari', 'coronavirus', 'della', 'Kings', '16', 'catene', 'internazionale', 'indiano', 'diffuso', 'L', 'tensioni', 'una', 'dopo', 'dichiarato', 'stati', 'positivo', 'App', 'dello', 'erano', 'grandi', 'più', 'riaccese', 'bovini', 'bloccate', 'gli', 'Corte', 'vaccino', 'applicazioni', 'guerra', 'sicurezza', 'attività', 'dispositivi', 'alla', 'è', 'Tra', 'società', 'ha', 'principe', 'sua', 'ministro', 'ricevuto', 'Tecnologia', 'server', 'luce', 'regione', 'senza', 'nazionale', 'penale', 'segnalazioni', 'cui', '59', 'quello', 'altre', 'Settembre', 'il', 'india', 'cargo', 'membri', 'Ladakh', '20', 'l', 'portato', 'amministrazione', 'procuratrice', 'equipaggio', 'blocco', 'sulla', 'aveva', 'pericolo', 'verranno', 'mercato', 'si', 'uomo', 'app', 'rubare', 'Una', 'uno', 'video', 'la', 'morto', 'mentre', 'utenti', 'paesi', 'territorio', '42', 'of', 'fonti', 'finale', 'firmato', 'La', 'rimosse', 'Berlusconi', 'Apple', 'governo', 'occupando', 'su', 'Images', 'largo', 'TikTok', 'fare', 'i', 'Xiaomi', 'Karakorum', 'per', 'informazioni', 'mobile', 'Vai', '43', 'bloccare', 'scorso', 'giochi', 'TAG', 'Elettronica', 'con', 'problemi', 'sono', 'in', 'a', 'iOS', 'sul', 'ci', 'poiché', 'pubblico', 'trasmettere', 'mobili', 'piattaforme', 'mettere', 'affiliata', 'Himalaya', 'principali', 'Netflix', 'uccisi', 'ma', 'Alibaba', 'le', 'Pechino', 'durante', 'di', 'nella', '3', 'degli', 'mondo', 'Cina', 'Stati', 'difesa', 'proprio', 'afroamericano', 'Un', 'Al', 'contratto', 'nonostante', 'Zhang', 'non', 'Afghanistan', 'soldati', 'prossimo', 'gioco', 'incappucciato', '08', 'Group', 'comprese', 'videochiamate', 'Giappone', 'annunciato', 'utilizzate', 'Cultura', 'almeno', 'ordine', '2', 'Store', 'scontro', 'Google', 'dalla', 'potrebbero', 'possibili', 'essere', 'Meghan', 'immagine', 'tecnologiche', 'come', 'tra', 'informazione', 'vietate', '5v5', 'Of', 'asfissiato', 'Lintao', 'invasione', 'Mondo', 'Baidu', 'Ant', 'dati', 'probabile', 'da', 'fuori', 'arriva', 'forze', 'dell', 'che', '8', 'un', 'migliaia', 'Uniti', 'alcune', 'grande', 'videogioco', 'Il', 'settembre', 'potenziali', 'denunce', 'NetEase', 'sviluppate', 'Negli', 'India', 'e', 'Russia', 'stato', 'testato', 'popolare', 'hanno', 'Le', 'molte', 'Tencent', 'suo', 'milione', 'agosto', 'detto', '118', 'giovedì', 'sovranità', 'al', 'sanzioni', 'uso', 'Getty', 'disponibili', 'cinesi', 'breve', '2020', 'aver', 'Silvio', 'Coppa', 'produzione', 'impegnate', 'Glory', 'giugno', 'autorizzazione', 'aziende', 'Italia', 'nave', 'vecchia']	
https://www.ilpost.it/2020/09/03/dubbi-morte-mario-paciolla/	['caso', 'Tornato', 'però', 'emergenza', 'Thompson', 'quali', 'commentare', 'mettendo', 'porta', 'cancellò', 'riconsegnano', 'tweet', 'stata', 'chiari', 'hanno', 'all', 'nell', 'conoscenti', 'trovavano', 'Vicente', 'racconterà', 'puliscono', 'foto', 'precedenti', 'cinque', 'aiuto', 'cambiato', 'ultimi', 'perizie', 'fisso', 'parenti', 'loro', 'criminalità', 'in', 'madre', 'cioè', 'dopo', 'India', 'ma', 'sei', 'Motta', 'usato', 'Colombia', 'Caguán', 'di', 'estrema', 'trafficanti', 'interno', 'gennaio', 'chi', 'poliziotti', 'torna', 'pubblicate', 'morire', 'continua', 'sapere', 'ANSA', 'luglio', 'quei', 'discarica', 'appartamento', 'giorni', 'preparato', 'computer', 'tu', 'ragione', 'riguarda', 'successo', 'scrisse', 'discussione', 'stanno', 'sette', 'intuito', 'I', 'suicidato', 'sui', 'colombia', 'e', '10', 'nonostante', 'qualcosa', 'chiesta', 'dieci', 'tradotto', 'successivi', 'altri', 'stato', 'ottenne', 'accedi', 'Botero', 'personali', 'solamente', 'imbarazzo', 'Amico', 'meglio', 'verde', 'tra', 'osservatori', 'due', 'allora', 'omicidio', 'sera', 'invece', 'anni', 'capito', 'dettagliato', 'inquietudine', 'situazione', 'aperte', 'portata', 'Una', 'disse', 'dell', 'il', 'dice', 'dettagli', 'al', '06', 'scorsa', 'Roy', 'ordine', 'ricevuti', 'presente', 'dei', 'esito', 'Negli', 'ministro', 'subìto', 'alcuni', 'Nella', 'settimane', 'militare', 'Mario', 'grande', 'chiese', 'chiuso', 'precedente', 'attacco', 'allo', 'lo', 'dall', 'senatore', 'rimuovendo', 'possibile', 'base', 'già', 'inventario', 'Al', 'scrive', 'un', 'vedere', 'quindi', '199', 'è', 'Rivoluzionarie', 'età', 'Nel', '118', 'amico', 'nelle', 'ambasciata', 'comportamento', 'dovuto', 'sia', 'spiegato', 'dimesso', 'preoccuparsi', 'Mostra', 'scoperto', 'Per', 'Manifesto', 'autorità', 'politico', 'recente', 'sofferenza', 'chattato', 'portati', 'fece', 'immediatamente', 'sue', 'avanti', 'Napoli', 'mostrare', 'avvenuto', 'fosse', 'Non', '112', 'online', 'Alcune', 'Italia', 'Poco', 'Sempre', 'puoi', 'pubblicata', 'conosceva', 'confidare', '7', 'contenuti', 'questo', 'tossicologico', 'suo', 'esercito', 'del', 'credito', 'figlio', 'stava', 'mette', 'privato', 'genere', 'parlare', 'morto', 'su', 'essere', 'pace', 'fu', 'inviato', 'da', 'paramilitari', 'compiute', 'racconta', 'Vai', 'nella', 'tutta', 'dettagliate', 'messo', 'mio', 'arriva', 'medico', 'riservato', '24', 'numero', 'paciolla', 'i', 'Paciolla', 'proprio', 'ad', 'Dopo', 'incaricato', 'raccontò', 'E', 'Samaritans', 'quotidiano', 'attacchi', 'riviste', 'cinesi', 'fossero', 'El', 'internet', 'ipotesi', 'conferme', 'colombiano', 'assai', 'trova', 'nel', '77208977', 'organizzata', '21', 'applicazione', 'ha', 'contesto', 'cui', 'elementi', 'ucciso', 'presenti', 'inizio', 'pensare', 'restare', 'stranezze', 'casa', '2019', 'compresa', 'c', 'era', 'fino', 'ci', 'amici', 'proprietario', 'voler', 'lavoro', 'dimenticare', 'inchieste', 'timori', 'scuola', 'toccare', 'mettersi', 'niente', 'coperto', 'rubati', 'regali', 'l', 'sulla', '2018', 'migrazioni', 'secondo', 'pensieri', 'Christian', 'lavorava', 'comprare', 'via', 'notizia', 'erano', 'Claudia', 'tutte', 'iniziarono', 'cruciali', 'comando', 'posizione', 'opposizione', 'È', 'scorso', 'procura', 'autopsia', 'confronti', 'Dove', 'gruppi', 'Mio', 'quello', 'generale', 'difficoltosa', 'smaltiti', 'Forze', 'pubblicato', 'Secondo', 'la', 'Facebook', 'approfondito', 'coinvolto', 'pasticcio', '33enne', 'oltre', 'dalla', 'diffuse', 'Bogotá', 'suicidi', 'una', 'fa', 'inchiesta', 'famiglia', 'anche', 'San', 'cercato', 'ritrovato', 'Cosa', 'Nazioni', 'Settembre', 'Caquetá', 'italiani', 'carta', 'vorrà', 'Telefono', 'Guillermo', 'riportato', 'sospetta', 'Qualche', 'le', 'relazione', 'interna', 'delle', 'missione', 'chiaro', 'centro', 'deciso', 'Armate', 'persone', 'italiano', 'documento', 'primo', 'Ma', 'impedito', 'trovato', 'dettaglio', 'fatto', 'stimava', 'ormai', 'abbonato', 'non', 'vicenda', 'rivelazioni', 'Post', 'interventi', 'avrebbe', 'presunti', 'tutto', 'italiana', 'aspetto', 'scandalo', 'valigia', 'partecipare', 'degli', 'implicata', 'nuove', 'negli', 'citata', 'giornalista', '2020', 'sua', 'con', 'aspetti', 'sarebbe', '86', '284', 'giovedì', 'dicono', 'ultime', 'scelta', 'famiglie', 'sul', 'minorenni', 'consegnato', 'ai', 'informatici', 'mario', 'così', 'mostrata', 'quattro', 'dai', 'Lo', 'casi', 'ripulito', 'qui', 'settimana', 'TAG', 'detto', 'raccontano', 'terminato', 'incarico', 'riusciva', 'meno', 'destra', 'diverse', 'lui', 'FARC', 'All', 'CIRO', 'li', 'copiare', 'perché', 'Che', 'ragioni', 'senza', 'esplicitamente', 'collega', 'mouse', 'credere', 'cooperante', 'funzionario', 'nulla', 'stampa', 'versione', 'locale', 'iniziò', 'raccolti', 'sta', '3', 'Unite', 'governo', 'come', 'indagini', 'social', 'informazioni', 'giornali', 'poi', 'disponibili', 'tutti', 'emersi', 'abbonati', 'sbottato', 'assieme', 'chiamare', 'fine', 'estremi', 'preoccupato', 'chiavi', 'account', 'dal', 'volta', 'altre', 'sospetto', 'effettuata', 'zaini', 'tradito', 'app', 'gli', 'uno', 'prossimo', 'sicurezza', 'Il', 'cellulare', 'chiama', 'faceva', 'cellulari', 'ufficialmente', 'iniziale', 'avevano', 'state', 'agosto', 'sopralluogo', 'viveva', '800', 'ONU', 'personalmente', '13', 'rapporto', 'fornire', 'articolo', 'qualche', 'modo', 'colossali', 'trovava', 'parte', 'sempre', 'sono', 'preoccupazione', 'vacanza', 'chiamò', 'mentre', 'FUSCO', 'della', 'prima', 'suicidio', 'Io', 'alla', 'sangue', 'avere', 'dipartimento', 'nome', 'parlato', '15', 'contatto', 'ritorsione', 'conosci', 'commenti', 'mi', 'strategico', 'Sul', 'facendo', 'o', 'denominazione', 'Barreras', 'funzionari', 'articoli', '33', 'Repubblica', 'aveva', 'terrorizzato', 'aereo', 'biglietto', 'oppure', 'L', 'mese', 'Espectador', 'avuto', 'raccontato', 'quartier', 'prove', 'si', '12', 'che', 'Giustizia', 'ottenute', '2016', 'donne', 'giornalisti', 'sentirsi', 'soprattutto', 'per', 'colombiane', 'più', 'telefono', 'abbia', 'Anna', 'effettuare', 'genitori', '14', 'Duque', 'stati', 'bloccare', 'conflitto', 'dati', 'Se', 'visto', 'controllo', 'se', 'ufficio', 'innescherà', 'clima', 'ottenere', 'trovando', 'supervisionando', 'ulteriori', 'provengono', 'Twitter', 'Ci', 'qualcuno', 'asfissia', 'poco', 'tornare', 'scena', 'aver', '17', 'rese', 'Tenet', 'commissionate', 'gratuito', 'cancellarle', 'colleghi', 'so', 'crimine', 'Polizia', '19', '11', 'dissidenti', 'poesie', 'Puoi', '22', 'presenza', 'Roma', 'venerdì', 'oggetti', 'morte', 'lungo', 'territorio', 'dalle', 'guerriglieri', 'Julieta', 'esame', 'alle', '00', 'nei', 'precisati', 'giornalistiche', '16', 'potevano', 'chiedere', 'suoi', 'elencava', 'violenze', 'a', 'città', 'accordo', 'ulteriore', 'candeggina', 'fra', 'diffuso', 'novità', 'capi', 'giorno', 'cita', 'novembre', 'stretto', 'morti', 'rivelato', 'alcune', 'appartenevano', 'sostiene', 'ora', 'rientrato', 'aggiunto', 'ancora', 'lavorato', 'comparivano', 'ospitavano', 'confermata', 'avvenuta', 'dimissioni', 'trasferito', 'corpo']	
https://www.ilpost.it/2020/09/03/antinfiammatori-steroidei-covid-19-organizzazione-mondiale-sanita/	['clinici', 'modulare', 'rischio', 'però', 'ricevuto', 'quali', 'somministrati', 'agenti', 'commentare', 'cento', 'stata', 'dose', 'hanno', 'nell', 'esiti', 'all', 'tali', 'tipologia', 'steroidei', 'loro', 'covid', 'Sanità', 'in', 'approcci', 'ma', 'sei', 'sostanza', 'di', 'comportato', 'chi', 'quelli', 'sostanze', 'statistica', 'mantenuto', 'continua', 'indesiderati', 'collaterali', 'emerse', 'replicarsi', 'protezione', 'tutela', 'intensiva', 'sette', 'stanno', 'sui', 'Cinquanta', 'riducono', 'e', 'decisione', 'economico', 'soluzione', 'clinico', 'basato', 'riprende', 'altri', 'guida', 'placebo', 'test', 'accedi', 'maggior', 'tra', 'osservatori', 'Oltre', 'malattie', 'invece', 'scorte', 'anni', 'Semplificando', 'Diversi', 'portata', 'Una', 'dell', 'giudicata', 'il', 'distruttiva', 'utilizzato', 'paziente', 'costosi', 'al', '18', 'impiego', 'dei', 'attuale', 'standard', 'alcuni', 'grande', 'superare', 'assunta', 'lo', 'consigliare', 'dall', 'realizzata', 'cellule', 'base', 'già', 'considerazione', 'un', 'attendere', 'istituzioni', 'è', 'immunitaria', 'fare', 'nelle', 'antivirali', 'sia', 'rendere', 'spiegato', 'Circa', 'portate', 'Mostra', 'Per', 'indiscriminato', 'forme', 'compresi', 'consiglia', 'portati', 'sue', 'offre', 'nostro', 'Nell', 'occupano', 'ingiustificato', 'ricoverati', 'nuovo', 'replicazione', 'oms', 'pubblicata', 'possono', 'rapido', 'questo', 'sufficienza', 'comunemente', 'evitare', 'innescare', 'globuli', 'bianchi', 'del', 'contribuisce', 'interessano', 'su', 'essere', 'da', 'Vai', 'nella', 'contro', 'modificare', 'ritengono', 'basate', 'numero', 'prematuramente', 'i', 'ad', 'mortalità', 'respirare', 'artrite', 'terapie', 'fossero', 'nel', 'segnalando', 'debba', 'anticipare', 'sopprimendo', 'meccanici', 'ha', 'cui', 'tracciare', 'reazione', 'confermato', 'raccomandandone', 'compresa', 'era', 'riduzione', 'ci', 'rispetto', 'sanitarie', 'sfruttando', 'risposta', 'verifica', 'l', 'sulla', 'migrazioni', 'sopraffatto', 'ridotta', 'facile', 'coinvolti', 'miglioramenti', 'erano', 'attività', 'sotto', 'basandosi', 'Fino', 'ridotto', 'scorso', 'desametasone', 'indicare', 'potrebbe', 'comune', '025', 'pubblicato', 'prendendo', 'organismo', 'la', 'segnalato', 'raccomandazione', 'dagli', 'sfruttate', 'opportuno', 'permesso', 'diagnosi', 'dalla', 'trattati', 'immunitario', 'una', 'fa', 'antinfiammatorio', 'ricorso', 'anche', 'impiegati', 'farmaci', 'Horwood', 'aiutare', 'uso', 'Settembre', 'evidenze', 'provano', 'sintomi', 'le', 'gravi', 'A', 'tipi', 'benefici', 'delle', 'portare', 'sintetizzato', 'Images', 'Organizzazione', 'steroidi', 'sistema', 'malati', 'analisi', 'abbonato', 'non', 'studi', 'sugli', 'Post', 'storia', 'COVID', 'agiscono', 'dire', 'accessibili', 'prescindere', 'degli', 'Abbonarsi', 'nuove', 'indotto', 'migliori', 'portando', '2020', 'con', 'combinazione', 'vari', 'tenere', 'giovedì', 'agli', 'trattare', 'condizioni', 'somministrazione', 'ai', 'medici', 'Lo', 'casi', 'coronavirus', 'ed', 'settimana', 'TAG', 'differenza', '34', 'batteri', 'rischioso', 'meno', 'diverse', 'punto', 'portano', 'li', 'perché', 'riteneva', 'nuova', 'cercando', 'tipo', 'intensive', 'nulla', 'riguardano', 'bloccando', 'difficili', 'critiche', '3', 'terapia', 'diventato', 'scientifica', 'come', 'Tutti', 'giornali', 'letalità', 'ampio', 'diversi', 'piuttosto', 'pazienti', 'disponibili', 'danni', 'abbonati', 'aggiornamento', 'lascia', 'legge', 'fine', 'giugno', 'cortisonici', 'volta', 'rilevante', 'dal', 'altre', 'effettuata', 'valutazioni', 'oggi', 'JAMA', 'Scienza', 'antinfiammatori', 'OMS', 'Ulteriori', 'infiammatori', 'ridurre', 'può', 'eliminare', 'insieme', 'gli', 'uno', 'evoluzione', 'prossimo', 'Il', 'attraverso', 'possibilità', 'datati', 'infezione', 'avevano', 'articolo', 'qualche', 'modo', 'colossali', 'presi', 'In', 'parte', 'reumatoide', 'sempre', 'sono', 'impedendo', 'newsletter', 'della', 'prima', 'abusare', 'avere', 'mentre', 'alla', 'peggioramento', 'evitando', 'commenti', 'apprezzabili', 'adottare', 'Linee', 'facendo', 'croniche', 'prezzi', 'o', 'Getty', 'studio', 'articoli', 'esterni', 'aveva', 'oppure', 'potessero', 'L', 'attaccare', 'mese', 'protocolli', 'pesanti', 'seguito', 'si', 'Gli', 'che', 'corso', 'steroideo', 'soprattutto', 'per', 'più', 'interessato', '678', 'chiara', 'stati', 'bloccare', 'trattamenti', 'buona', 'dati', 'La', 'indizi', 'Se', 'controllo', 'processi', 'Matthew', 'se', 'innescherà', 'clima', 'risultati', 'margini', 'questi', 'ottenere', 'apparato', 'controindicazioni', 'ricercatori', 'ulteriori', 'linee', 'poco', 'patologie', 'quella', 'revisione', '19', 'comunque', 'complesso', 'ricerca', 'Mondiale', 'infettivi', '1', 'malattia', 'causata', 'formulata', 'presenza', 'sensibile', 'respiratorio', 'morte', 'rilevare', 'evidenziato', 'alle', 'varie', 'nei', 'raccomandato', 'trattamento', 'virus', 'somministrare', 'questa', 'ospedale', 'Test', 'a', 'viene', 'molto', 'circostanza', 'Antinfiammatori', 'allergie', 'asma', '23', 'effetti', 'attenzione', 'contagi', 'intubata', 'violenta', 'rivista', 'autobus', 'velocità', 'causare', 'somministrarla', 'almeno', 'esempio', 'fatta', 'avvio', 'incertezza', 'avvenire', 'sottoposti', 'metà', 'potrebbero']	
https://www.ilpost.it/2020/09/03/giovedi-3-settembre-2/gaza-striscia-di-gaza-56/	['Torna', 'settembre', 'Un', 'AP', 'notte', 'Khalil', 'Gaza', 'sistema', 'pesca', 'all', 'una', 'pescatore', '3', 'Photo', 'Striscia', 'Hamra', 'Giovedì', 'dopo', 'articolo', 'rete', 'di']	
https://www.ilpost.it/2020/09/03/antinfiammatori-steroidei-covid-19-organizzazione-mondiale-sanita/	['clinici', 'modulare', 'rischio', 'però', 'ricevuto', 'quali', 'somministrati', 'agenti', 'commentare', 'cento', 'stata', 'dose', 'hanno', 'nell', 'esiti', 'all', 'tali', 'tipologia', 'steroidei', 'loro', 'covid', 'Sanità', 'in', 'approcci', 'ma', 'sei', 'sostanza', 'di', 'comportato', 'chi', 'quelli', 'sostanze', 'statistica', 'mantenuto', 'continua', 'indesiderati', 'collaterali', 'emerse', 'replicarsi', 'protezione', 'tutela', 'intensiva', 'sette', 'stanno', 'sui', 'Cinquanta', 'riducono', 'e', 'decisione', 'economico', 'soluzione', 'clinico', 'basato', 'riprende', 'altri', 'guida', 'placebo', 'test', 'accedi', 'maggior', 'tra', 'osservatori', 'Oltre', 'malattie', 'invece', 'scorte', 'anni', 'Semplificando', 'Diversi', 'portata', 'Una', 'dell', 'giudicata', 'il', 'distruttiva', 'utilizzato', 'paziente', 'costosi', 'al', '18', 'impiego', 'dei', 'attuale', 'standard', 'alcuni', 'grande', 'superare', 'assunta', 'lo', 'consigliare', 'dall', 'realizzata', 'cellule', 'base', 'già', 'considerazione', 'un', 'attendere', 'istituzioni', 'è', 'immunitaria', 'fare', 'nelle', 'antivirali', 'sia', 'rendere', 'spiegato', 'Circa', 'portate', 'Mostra', 'Per', 'indiscriminato', 'forme', 'compresi', 'consiglia', 'portati', 'sue', 'offre', 'nostro', 'Nell', 'occupano', 'ingiustificato', 'ricoverati', 'nuovo', 'replicazione', 'oms', 'pubblicata', 'possono', 'rapido', 'questo', 'sufficienza', 'comunemente', 'evitare', 'innescare', 'globuli', 'bianchi', 'del', 'contribuisce', 'interessano', 'su', 'essere', 'da', 'Vai', 'nella', 'contro', 'modificare', 'ritengono', 'basate', 'numero', 'prematuramente', 'i', 'ad', 'mortalità', 'respirare', 'artrite', 'terapie', 'fossero', 'nel', 'segnalando', 'debba', 'anticipare', 'sopprimendo', 'meccanici', 'ha', 'cui', 'tracciare', 'reazione', 'confermato', 'raccomandandone', 'compresa', 'era', 'riduzione', 'ci', 'rispetto', 'sanitarie', 'sfruttando', 'risposta', 'verifica', 'l', 'sulla', 'migrazioni', 'sopraffatto', 'ridotta', 'facile', 'coinvolti', 'miglioramenti', 'erano', 'attività', 'sotto', 'basandosi', 'Fino', 'ridotto', 'scorso', 'desametasone', 'indicare', 'potrebbe', 'comune', '025', 'pubblicato', 'prendendo', 'organismo', 'la', 'segnalato', 'raccomandazione', 'dagli', 'sfruttate', 'opportuno', 'permesso', 'diagnosi', 'dalla', 'trattati', 'immunitario', 'una', 'fa', 'antinfiammatorio', 'ricorso', 'anche', 'impiegati', 'farmaci', 'Horwood', 'aiutare', 'uso', 'Settembre', 'evidenze', 'provano', 'sintomi', 'le', 'gravi', 'A', 'tipi', 'benefici', 'delle', 'portare', 'sintetizzato', 'Images', 'Organizzazione', 'steroidi', 'sistema', 'malati', 'analisi', 'abbonato', 'non', 'studi', 'sugli', 'Post', 'storia', 'COVID', 'agiscono', 'dire', 'accessibili', 'prescindere', 'degli', 'Abbonarsi', 'nuove', 'indotto', 'migliori', 'portando', '2020', 'con', 'combinazione', 'vari', 'tenere', 'giovedì', 'agli', 'trattare', 'condizioni', 'somministrazione', 'ai', 'medici', 'Lo', 'casi', 'coronavirus', 'ed', 'settimana', 'TAG', 'differenza', '34', 'batteri', 'rischioso', 'meno', 'diverse', 'punto', 'portano', 'li', 'perché', 'riteneva', 'nuova', 'cercando', 'tipo', 'intensive', 'nulla', 'riguardano', 'bloccando', 'difficili', 'critiche', '3', 'terapia', 'diventato', 'scientifica', 'come', 'Tutti', 'giornali', 'letalità', 'ampio', 'diversi', 'piuttosto', 'pazienti', 'disponibili', 'danni', 'abbonati', 'aggiornamento', 'lascia', 'legge', 'fine', 'giugno', 'cortisonici', 'volta', 'rilevante', 'dal', 'altre', 'effettuata', 'valutazioni', 'oggi', 'JAMA', 'Scienza', 'antinfiammatori', 'OMS', 'Ulteriori', 'infiammatori', 'ridurre', 'può', 'eliminare', 'insieme', 'gli', 'uno', 'evoluzione', 'prossimo', 'Il', 'attraverso', 'possibilità', 'datati', 'infezione', 'avevano', 'articolo', 'qualche', 'modo', 'colossali', 'presi', 'In', 'parte', 'reumatoide', 'sempre', 'sono', 'impedendo', 'newsletter', 'della', 'prima', 'abusare', 'avere', 'mentre', 'alla', 'peggioramento', 'evitando', 'commenti', 'apprezzabili', 'adottare', 'Linee', 'facendo', 'croniche', 'prezzi', 'o', 'Getty', 'studio', 'articoli', 'esterni', 'aveva', 'oppure', 'potessero', 'L', 'attaccare', 'mese', 'protocolli', 'pesanti', 'seguito', 'si', 'Gli', 'che', 'corso', 'steroideo', 'soprattutto', 'per', 'più', 'interessato', '678', 'chiara', 'stati', 'bloccare', 'trattamenti', 'buona', 'dati', 'La', 'indizi', 'Se', 'controllo', 'processi', 'Matthew', 'se', 'innescherà', 'clima', 'risultati', 'margini', 'questi', 'ottenere', 'apparato', 'controindicazioni', 'ricercatori', 'ulteriori', 'linee', 'poco', 'patologie', 'quella', 'revisione', '19', 'comunque', 'complesso', 'ricerca', 'Mondiale', 'infettivi', '1', 'malattia', 'causata', 'formulata', 'presenza', 'sensibile', 'respiratorio', 'morte', 'rilevare', 'evidenziato', 'alle', 'varie', 'nei', 'raccomandato', 'trattamento', 'virus', 'somministrare', 'questa', 'ospedale', 'Test', 'a', 'viene', 'molto', 'circostanza', 'Antinfiammatori', 'allergie', 'asma', '23', 'effetti', 'attenzione', 'contagi', 'intubata', 'violenta', 'rivista', 'autobus', 'velocità', 'causare', 'somministrarla', 'almeno', 'esempio', 'fatta', 'avvio', 'incertezza', 'avvenire', 'sottoposti', 'metà', 'potrebbero']	
https://www.ilpost.it/2020/09/03/dubbi-morte-mario-paciolla/	['caso', 'Tornato', 'però', 'emergenza', 'Thompson', 'quali', 'commentare', 'mettendo', 'porta', 'cancellò', 'riconsegnano', 'tweet', 'stata', 'chiari', 'hanno', 'all', 'nell', 'conoscenti', 'trovavano', 'Vicente', 'racconterà', 'puliscono', 'foto', 'precedenti', 'cinque', 'aiuto', 'cambiato', 'ultimi', 'perizie', 'fisso', 'parenti', 'loro', 'criminalità', 'in', 'madre', 'cioè', 'dopo', 'India', 'ma', 'sei', 'Motta', 'usato', 'Colombia', 'Caguán', 'di', 'estrema', 'trafficanti', 'interno', 'gennaio', 'chi', 'poliziotti', 'torna', 'pubblicate', 'morire', 'continua', 'sapere', 'ANSA', 'luglio', 'quei', 'discarica', 'appartamento', 'giorni', 'preparato', 'computer', 'tu', 'ragione', 'riguarda', 'successo', 'scrisse', 'discussione', 'stanno', 'sette', 'intuito', 'I', 'suicidato', 'sui', 'colombia', 'e', '10', 'nonostante', 'qualcosa', 'chiesta', 'dieci', 'tradotto', 'successivi', 'altri', 'stato', 'ottenne', 'accedi', 'Botero', 'personali', 'solamente', 'imbarazzo', 'Amico', 'meglio', 'verde', 'tra', 'osservatori', 'due', 'allora', 'omicidio', 'sera', 'invece', 'anni', 'capito', 'dettagliato', 'inquietudine', 'situazione', 'aperte', 'portata', 'Una', 'disse', 'dell', 'il', 'dice', 'dettagli', 'al', '06', 'scorsa', 'Roy', 'ordine', 'ricevuti', 'presente', 'dei', 'esito', 'Negli', 'ministro', 'subìto', 'alcuni', 'Nella', 'settimane', 'militare', 'Mario', 'grande', 'chiese', 'chiuso', 'precedente', 'attacco', 'allo', 'lo', 'dall', 'senatore', 'rimuovendo', 'possibile', 'base', 'già', 'inventario', 'Al', 'scrive', 'un', 'vedere', 'quindi', '199', 'è', 'Rivoluzionarie', 'età', 'Nel', '118', 'amico', 'nelle', 'ambasciata', 'comportamento', 'dovuto', 'sia', 'spiegato', 'dimesso', 'preoccuparsi', 'Mostra', 'scoperto', 'Per', 'Manifesto', 'autorità', 'politico', 'recente', 'sofferenza', 'chattato', 'portati', 'fece', 'immediatamente', 'sue', 'avanti', 'Napoli', 'mostrare', 'avvenuto', 'fosse', 'Non', '112', 'online', 'Alcune', 'Italia', 'Poco', 'Sempre', 'puoi', 'pubblicata', 'conosceva', 'confidare', '7', 'contenuti', 'questo', 'tossicologico', 'suo', 'esercito', 'del', 'credito', 'figlio', 'stava', 'mette', 'privato', 'genere', 'parlare', 'morto', 'su', 'essere', 'pace', 'fu', 'inviato', 'da', 'paramilitari', 'compiute', 'racconta', 'Vai', 'nella', 'tutta', 'dettagliate', 'messo', 'mio', 'arriva', 'medico', 'riservato', '24', 'numero', 'paciolla', 'i', 'Paciolla', 'proprio', 'ad', 'Dopo', 'incaricato', 'raccontò', 'E', 'Samaritans', 'quotidiano', 'attacchi', 'riviste', 'cinesi', 'fossero', 'El', 'internet', 'ipotesi', 'conferme', 'colombiano', 'assai', 'trova', 'nel', '77208977', 'organizzata', '21', 'applicazione', 'ha', 'contesto', 'cui', 'elementi', 'ucciso', 'presenti', 'inizio', 'pensare', 'restare', 'stranezze', 'casa', '2019', 'compresa', 'c', 'era', 'fino', 'ci', 'amici', 'proprietario', 'voler', 'lavoro', 'dimenticare', 'inchieste', 'timori', 'scuola', 'toccare', 'mettersi', 'niente', 'coperto', 'rubati', 'regali', 'l', 'sulla', '2018', 'migrazioni', 'secondo', 'pensieri', 'Christian', 'lavorava', 'comprare', 'via', 'notizia', 'erano', 'Claudia', 'tutte', 'iniziarono', 'cruciali', 'comando', 'posizione', 'opposizione', 'È', 'scorso', 'procura', 'autopsia', 'confronti', 'Dove', 'gruppi', 'Mio', 'quello', 'generale', 'difficoltosa', 'smaltiti', 'Forze', 'pubblicato', 'Secondo', 'la', 'Facebook', 'approfondito', 'coinvolto', 'pasticcio', '33enne', 'oltre', 'dalla', 'diffuse', 'Bogotá', 'suicidi', 'una', 'fa', 'inchiesta', 'famiglia', 'anche', 'San', 'cercato', 'ritrovato', 'Cosa', 'Nazioni', 'Settembre', 'Caquetá', 'italiani', 'carta', 'vorrà', 'Telefono', 'Guillermo', 'riportato', 'sospetta', 'Qualche', 'le', 'relazione', 'interna', 'delle', 'missione', 'chiaro', 'centro', 'deciso', 'Armate', 'persone', 'italiano', 'documento', 'primo', 'Ma', 'impedito', 'trovato', 'dettaglio', 'fatto', 'stimava', 'ormai', 'abbonato', 'non', 'vicenda', 'rivelazioni', 'Post', 'interventi', 'avrebbe', 'presunti', 'tutto', 'italiana', 'aspetto', 'scandalo', 'valigia', 'partecipare', 'degli', 'implicata', 'nuove', 'negli', 'citata', 'giornalista', '2020', 'sua', 'con', 'aspetti', 'sarebbe', '86', '284', 'giovedì', 'dicono', 'ultime', 'scelta', 'famiglie', 'sul', 'minorenni', 'consegnato', 'ai', 'informatici', 'mario', 'così', 'mostrata', 'quattro', 'dai', 'Lo', 'casi', 'ripulito', 'qui', 'settimana', 'TAG', 'detto', 'raccontano', 'terminato', 'incarico', 'riusciva', 'meno', 'destra', 'diverse', 'lui', 'FARC', 'All', 'CIRO', 'li', 'copiare', 'perché', 'Che', 'ragioni', 'senza', 'esplicitamente', 'collega', 'mouse', 'credere', 'cooperante', 'funzionario', 'nulla', 'stampa', 'versione', 'locale', 'iniziò', 'raccolti', 'sta', '3', 'Unite', 'governo', 'come', 'indagini', 'social', 'informazioni', 'giornali', 'poi', 'disponibili', 'tutti', 'emersi', 'abbonati', 'sbottato', 'assieme', 'chiamare', 'fine', 'estremi', 'preoccupato', 'chiavi', 'account', 'dal', 'volta', 'altre', 'sospetto', 'effettuata', 'zaini', 'tradito', 'app', 'gli', 'uno', 'prossimo', 'sicurezza', 'Il', 'cellulare', 'chiama', 'faceva', 'cellulari', 'ufficialmente', 'iniziale', 'avevano', 'state', 'agosto', 'sopralluogo', 'viveva', '800', 'ONU', 'personalmente', '13', 'rapporto', 'fornire', 'articolo', 'qualche', 'modo', 'colossali', 'trovava', 'parte', 'sempre', 'sono', 'preoccupazione', 'vacanza', 'chiamò', 'mentre', 'FUSCO', 'della', 'prima', 'suicidio', 'Io', 'alla', 'sangue', 'avere', 'dipartimento', 'nome', 'parlato', '15', 'contatto', 'ritorsione', 'conosci', 'commenti', 'mi', 'strategico', 'Sul', 'facendo', 'o', 'denominazione', 'Barreras', 'funzionari', 'articoli', '33', 'Repubblica', 'aveva', 'terrorizzato', 'aereo', 'biglietto', 'oppure', 'L', 'mese', 'Espectador', 'avuto', 'raccontato', 'quartier', 'prove', 'si', '12', 'che', 'Giustizia', 'ottenute', '2016', 'donne', 'giornalisti', 'sentirsi', 'soprattutto', 'per', 'colombiane', 'più', 'telefono', 'abbia', 'Anna', 'effettuare', 'genitori', '14', 'Duque', 'stati', 'bloccare', 'conflitto', 'dati', 'Se', 'visto', 'controllo', 'se', 'ufficio', 'innescherà', 'clima', 'ottenere', 'trovando', 'supervisionando', 'ulteriori', 'provengono', 'Twitter', 'Ci', 'qualcuno', 'asfissia', 'poco', 'tornare', 'scena', 'aver', '17', 'rese', 'Tenet', 'commissionate', 'gratuito', 'cancellarle', 'colleghi', 'so', 'crimine', 'Polizia', '19', '11', 'dissidenti', 'poesie', 'Puoi', '22', 'presenza', 'Roma', 'venerdì', 'oggetti', 'morte', 'lungo', 'territorio', 'dalle', 'guerriglieri', 'Julieta', 'esame', 'alle', '00', 'nei', 'precisati', 'giornalistiche', '16', 'potevano', 'chiedere', 'suoi', 'elencava', 'violenze', 'a', 'città', 'accordo', 'ulteriore', 'candeggina', 'fra', 'diffuso', 'novità', 'capi', 'giorno', 'cita', 'novembre', 'stretto', 'morti', 'rivelato', 'alcune', 'appartenevano', 'sostiene', 'ora', 'rientrato', 'aggiunto', 'ancora', 'lavorato', 'comparivano', 'ospitavano', 'confermata', 'avvenuta', 'dimissioni', 'trasferito', 'corpo']	
